step,valid_rate,asr,asr_given_valid,partial_rate,reward,kl,grad_norm,groups_with_signal,groups_with_success,judge_calls,gen_s,judge_s,train_s,step_s,api_usd
0,0.90625,0.328125,0.3620689655172414,0.203125,0.33203125,0.07126642041839659,0.2932140827178955,8,8,44,19.449047803878784,44.7501802444458,13.493987798690796,77.86097359657288,1.1049
1,0.875,0.453125,0.5178571428571429,0.28125,0.4609375,0.06596387445461005,0.3380562365055084,8,7,51,22.596461296081543,42.11072111129761,14.565541505813599,79.4606249332428,1.1189
2,0.90625,0.546875,0.603448275862069,0.171875,0.54296875,0.08509484422393143,0.3191775381565094,8,8,50,23.07291269302368,40.33771109580994,15.067813873291016,78.66080522537231,1.132
3,0.859375,0.59375,0.6909090909090909,0.078125,0.53671875,0.07059079129248857,0.3541049659252167,8,7,46,21.544814109802246,38.09092664718628,14.98386287689209,74.81076693534851,1.1445
4,0.921875,0.484375,0.5254237288135594,0.234375,0.50390625,0.08538358705118299,0.39899319410324097,8,8,50,16.825939178466797,41.60354924201965,12.32529616355896,70.94357419013977,1.158
5,0.90625,0.609375,0.6724137931034483,0.125,0.59375,0.09007836785167456,0.33897262811660767,8,8,50,23.65947723388672,42.07359170913696,17.16563081741333,83.07061743736267,1.1706
6,0.90625,0.484375,0.5344827586206896,0.078125,0.45703125,0.10005830717273057,0.30611804127693176,7,7,40,22.891308307647705,38.4433331489563,14.879131078720093,76.38013458251953,1.182
7,0.859375,0.59375,0.6909090909090909,0.125,0.5546875,0.09325294382870197,0.2774279713630676,7,8,48,23.107892751693726,38.10585880279541,15.253494501113892,76.62706446647644,1.1948
8,0.921875,0.5,0.5423728813559322,0.265625,0.52734375,0.12830492248758674,0.3060874342918396,7,8,54,17.505481958389282,42.546266317367554,12.805103063583374,73.03088617324829,1.2107
9,0.84375,0.5,0.5925925925925926,0.0625,0.4375,0.089395881164819,0.2556881606578827,7,8,41,22.850176572799683,40.49725031852722,14.57936692237854,78.12514042854309,1.221
10,0.875,0.53125,0.6071428571428571,0.125,0.5,0.11892772489227355,0.354120135307312,6,8,45,22.81763982772827,38.53230261802673,14.912482976913452,76.43819427490234,1.2329
11,0.875,0.4375,0.5,0.203125,0.42578125,0.10722754383459687,0.3077153265476227,8,8,45,23.149641752243042,38.52120089530945,15.18099856376648,77.02145195007324,1.2465
12,0.921875,0.546875,0.5932203389830508,0.203125,0.55859375,0.1344640520401299,0.5309305191040039,8,8,49,22.85866141319275,40.83659362792969,14.873625755310059,78.7491466999054,1.261
13,0.875,0.484375,0.5535714285714286,0.140625,0.45703125,0.08712287340313196,0.28807076811790466,8,8,46,19.826767444610596,41.21511435508728,13.646876096725464,74.85557150840759,1.2741
14,0.921875,0.65625,0.711864406779661,0.09375,0.640625,0.12265539914369583,0.2889508605003357,6,8,51,18.538645267486572,41.4634964466095,13.282462120056152,73.45488119125366,1.287
15,0.921875,0.609375,0.6610169491525424,0.203125,0.62109375,0.14177661575376987,0.3387267589569092,6,8,56,22.792882204055786,42.35201334953308,14.924327611923218,80.22819328308105,1.3026
16,0.921875,0.671875,0.7288135593220338,0.140625,0.65546875,0.11461482848972082,0.2628113627433777,8,8,57,23.15288805961609,40.999913930892944,15.173014163970947,79.51358389854431,1.3196
17,0.875,0.609375,0.6964285714285714,0.078125,0.56015625,0.1306797838769853,0.3531130254268646,7,8,46,22.241392374038696,37.874167680740356,15.220506191253662,75.51808166503906,1.3306
18,0.828125,0.5625,0.6792452830188679,0.078125,0.48984375,0.15483548259362578,0.29902371764183044,8,8,44,22.894994258880615,40.79357719421387,15.354671001434326,79.23806500434875,1.3423
19,0.84375,0.546875,0.6481481481481481,0.15625,0.5015625,0.10425195237621665,0.26467278599739075,7,8,53,22.905961513519287,42.83776378631592,14.957409381866455,80.88858604431152,1.3561
20,0.890625,0.625,0.7017543859649122,0.171875,0.61328125,0.11837118491530418,0.3164108097553253,8,8,53,20.368783950805664,41.29542851448059,13.83895754814148,75.6674690246582,1.3696
21,0.875,0.546875,0.625,0.1875,0.53125,0.14367293193936348,0.40205469727516174,8,8,49,20.644065856933594,39.08233690261841,13.917526721954346,73.80335712432861,1.3831
22,0.8125,0.546875,0.6730769230769231,0.234375,0.51171875,0.1472359411418438,0.27570798993110657,7,7,51,22.92234706878662,40.460679054260254,15.07191514968872,78.64821529388428,1.3989
23,0.890625,0.640625,0.7192982456140351,0.140625,0.61484375,0.12252070242539048,0.2878186106681824,6,8,55,22.23147749900818,42.81855916976929,14.956755638122559,80.1651017665863,1.4131
24,0.796875,0.625,0.7843137254901961,0.09375,0.540625,0.13641301984898746,0.2522856891155243,7,8,47,23.380883932113647,38.5551118850708,15.437113761901855,77.5649209022522,1.4256
25,0.921875,0.5,0.5423728813559322,0.328125,0.54296875,0.11857299413532019,0.3153110146522522,8,8,55,18.407543659210205,41.24802827835083,13.230479001998901,73.0702600479126,1.4425
26,0.828125,0.671875,0.8113207547169812,0.09375,0.609375,0.12440064270049334,0.365382581949234,8,8,49,23.550204753875732,39.07498073577881,17.135302782058716,79.9769217967987,1.4558
27,0.78125,0.4375,0.56,0.265625,0.38828125,0.08607018529437482,0.24390161037445068,8,8,46,24.487642765045166,42.4892578125,17.27924871444702,84.42333841323853,1.47
28,0.828125,0.5,0.6037735849056604,0.234375,0.47265625,0.10887257219292223,0.23178735375404358,8,8,47,23.827205181121826,39.33732867240906,17.11637258529663,80.46365308761597,1.4843
29,0.84375,0.625,0.7407407407407407,0.21875,0.6015625,0.09781882609240711,0.27037087082862854,7,8,54,22.743977785110474,40.04526877403259,14.997741460800171,77.9685206413269,1.4994
