step,rew_attack,rew_benign,refuse_attack,refuse_benign,unsafe_rate_attack,loss,kl,grad_norm,lr,groups_used,rescued,mean_len,mean_tokens,judge_calls,gen_s,judge_s,train_s,step_s,gpu,api_usd
0,-0.1071428582072258,0.2777777910232544,0.38095238095238093,0.2777777777777778,0.5238095238095238,3.675619919540907e-08,0.0,0.22342954576015472,8e-05,8,0,99.01666666666667,129.98333333333332,29,16.572425603866577,7.840101003646851,10.380667448043823,34.94765019416809,3.1/22GB,1.6032
1,0.2023809552192688,0.0833333358168602,0.47619047619047616,0.3333333333333333,0.35714285714285715,9.041864348091622e-05,0.002260504297252434,0.19806617498397827,8e-05,5,0,72.76666666666667,99.66666666666667,24,16.534826278686523,6.887538194656372,10.543455839157104,34.1332266330719,3.1/22GB,1.6091
2,0.1190476194024086,-0.2222222238779068,0.4523809523809524,0.6111111111111112,0.40476190476190477,0.006735651994858927,0.16839130922841525,0.5192098617553711,8e-05,4,0,80.38333333333334,101.25,24,16.74297857284546,5.070093631744385,10.693074226379395,32.683939933776855,3.1/22GB,1.6156
3,0.095238097012043,0.8888888955116272,0.5,0.05555555555555555,0.42857142857142855,0.0003865762560053554,0.009664614778012037,0.24759340286254883,8e-05,4,0,77.41666666666667,101.8,24,16.676133632659912,6.474146366119385,10.404577016830444,33.71207022666931,3.1/22GB,1.6221
4,-0.0833333358168602,1.0,0.3333333333333333,0.0,0.5,0.0005811136152260588,0.014527813221017519,0.1433914601802826,8e-05,5,0,82.2,106.53333333333333,29,16.906965017318726,6.681560277938843,10.90168809890747,34.654614210128784,3.1/22GB,1.6296
5,0.6309523582458496,0.5833333134651184,0.6904761904761905,0.05555555555555555,0.14285714285714285,0.001182282782792754,0.029556296207010748,0.277792751789093,8e-05,7,0,51.43333333333333,72.16666666666667,14,16.18401050567627,3.5415401458740234,9.241949796676636,29.141616344451904,3.1/22GB,1.6331
6,0.9166666865348816,0.5,0.9047619047619048,0.0,0.023809523809523808,0.0035411051803748705,0.08852661283065877,0.21707068383693695,8e-05,4,0,41.11666666666667,58.4,4,16.97649598121643,1.698049783706665,10.927334547042847,29.775200605392456,3.1/22GB,1.6341
7,0.726190447807312,0.7777777910232544,0.8095238095238095,0.1111111111111111,0.11904761904761904,0.002075485766908969,0.05188716795916359,0.32440608739852905,8e-05,4,0,57.05,71.5,12,16.86991000175476,3.1856894493103027,10.873185634613037,31.0820415019989,3.1/22GB,1.6369
8,0.75,0.3333333432674408,0.7142857142857143,0.3333333333333333,0.07142857142857142,0.0019897544552804902,0.049743421748280524,0.34382835030555725,8e-05,3,0,48.18333333333333,63.083333333333336,12,17.060793161392212,2.5888826847076416,11.293834209442139,31.124930143356323,3.1/22GB,1.6396
9,0.9642857313156128,0.8333333134651184,0.9285714285714286,0.0,0.0,0.004466457074158825,0.11166060032943885,0.4826726019382477,8e-05,4,0,22.583333333333332,30.55,5,16.752281665802002,2.2283682823181152,10.341694593429565,29.480878114700317,3.1/22GB,1.6409
10,1.0,-0.1388888955116272,1.0,0.3333333333333333,0.0,0.005272796331155405,0.1318198255263269,0.06769357621669769,8e-05,1,0,29.716666666666665,40.4,2,16.573580980300903,1.320425271987915,10.571808815002441,28.629598379135132,3.1/22GB,1.6414
11,0.9642857313156128,-0.8333333134651184,0.9285714285714286,0.6666666666666666,0.0,0.005928320249950048,0.1482080711051822,0.18573367595672607,8e-05,2,0,28.416666666666668,40.3,5,16.251384735107422,2.5921578407287598,9.141099214553833,28.136684894561768,3.1/22GB,1.6427
12,1.0,-0.3333333432674408,1.0,0.6666666666666666,0.0,0.004200183473585639,0.10500458143651485,0.031079424545168877,8e-05,0,0,16.3,22.366666666666667,2,13.633371591567993,1.1556026935577393,8.323049545288086,23.28521752357483,3.1/22GB,1.6431
13,0.9404761791229248,-0.2222222238779068,0.9761904761904762,0.6111111111111112,0.023809523809523808,0.009075237830984406,0.2268810071051121,0.16050675511360168,8e-05,2,0,19.666666666666668,27.666666666666668,2,16.36717915534973,2.460970401763916,9.564010620117188,28.56226086616516,3.1/22GB,1.6437
14,1.0,-0.2222222238779068,1.0,0.6111111111111112,0.0,0.0026912593457382172,0.06728158295154572,0.08436981588602066,8e-05,1,0,20.383333333333333,29.35,0,15.761847972869873,0.0008122920989990234,7.653309345245361,23.558764696121216,3.1/22GB,1.6437
15,0.8452380895614624,0.3333333432674408,0.8333333333333334,0.3333333333333333,0.047619047619047616,0.006033256082446314,0.15083146840333939,0.19063730537891388,8e-05,3,0,34.583333333333336,44.68333333333333,7,16.859187126159668,2.725921154022217,10.793181896209717,30.51754069328308,3.1/22GB,1.6453
16,1.0,0.25,1.0,0.3333333333333333,0.0,0.00775058248109417,0.19376457730929056,0.2772928774356842,8e-05,1,0,10.666666666666666,16.316666666666666,1,9.793308734893799,1.4491052627563477,6.341436862945557,17.861307859420776,3.1/22GB,1.6455
17,1.0,0.5,1.0,0.2222222222222222,0.0,0.006854802227280743,0.1713701321432988,0.5952376127243042,8e-05,3,0,26.466666666666665,36.61666666666667,2,16.5863299369812,1.1990928649902344,10.479180812835693,28.58245611190796,3.1/22GB,1.6459
18,1.0,0.3333333432674408,1.0,0.3333333333333333,0.0,0.0038677457268931903,0.09669364690780638,0.025553124025464058,8e-05,0,0,23.133333333333333,30.0,0,16.293686151504517,0.0013267993927001953,9.499979257583618,25.965755462646484,3.1/22GB,1.6459
19,0.9523809552192688,0.3333333432674408,0.9761904761904762,0.3333333333333333,0.023809523809523808,0.0033620867859553982,0.08405201671800265,0.07103917002677917,8e-05,1,0,23.9,33.05,1,16.631935596466064,1.4808361530303955,10.30911922454834,28.605095624923706,3.1/22GB,1.6461
20,1.0,0.7777777910232544,1.0,0.0,0.0,0.0015464571079064626,0.038661359498898186,0.048323456197977066,8e-05,1,0,32.166666666666664,43.43333333333333,5,13.713185787200928,2.364166259765625,8.34116792678833,24.582275867462158,3.1/22GB,1.6472
21,1.0,0.8611111044883728,1.0,0.0,0.0,0.003586398499464849,0.08966002569844325,0.05115438625216484,8e-05,1,0,40.25,54.03333333333333,4,17.024317502975464,2.0868759155273438,10.925240993499756,30.192901134490967,3.1/22GB,1.6479
22,1.0,0.2222222238779068,1.0,0.3888888888888889,0.0,0.004229564168781508,0.10573899174729984,0.18367664515972137,8e-05,1,0,27.783333333333335,35.766666666666666,4,16.06124758720398,1.6075940132141113,10.123514413833618,27.956356048583984,3.1/22GB,1.6485
23,0.8928571343421936,0.1666666716337204,0.9523809523809523,0.3333333333333333,0.047619047619047616,0.002755131695266755,0.06887819664552808,0.09396286308765411,8e-05,2,0,43.63333333333333,59.13333333333333,7,16.643203020095825,1.8103647232055664,10.439072370529175,29.04275345802307,3.1/22GB,1.6502
24,0.9523809552192688,0.3333333432674408,0.9761904761904762,0.3333333333333333,0.023809523809523808,0.005993524062432698,0.14983801729977134,0.08359280973672867,8e-05,1,0,29.833333333333332,38.65,2,16.389354467391968,2.177060604095459,9.474237442016602,28.190263748168945,3.1/22GB,1.6507
25,0.988095223903656,0.0,0.9761904761904762,0.5,0.0,0.0019274216410849476,0.04818531544879078,0.1265384554862976,8e-05,2,0,34.56666666666667,42.06666666666667,3,16.23507785797119,1.3488109111785889,9.404914617538452,27.15585994720459,3.1/22GB,1.6513
26,1.0,0.0555555559694767,1.0,0.2777777777777778,0.0,0.0014496037965727737,0.03624022454023361,0.05166156217455864,8e-05,2,0,41.333333333333336,56.483333333333334,2,16.358226537704468,1.4708757400512695,9.594448804855347,27.577572345733643,3.1/22GB,1.6516
27,0.9642857313156128,0.3333333432674408,0.9285714285714286,0.3333333333333333,0.0,0.004130992815589707,0.10327482087692866,0.08835911750793457,8e-05,1,0,44.2,60.35,11,17.05177092552185,2.3566696643829346,11.284456968307495,30.868414878845215,3.1/22GB,1.6539
28,0.738095223903656,-0.2222222238779068,0.8809523809523809,0.6111111111111112,0.11904761904761904,0.004802407103852602,0.12005953956395388,0.20874735713005066,8e-05,6,0,46.56666666666667,57.63333333333333,11,16.79964590072632,3.055492639541626,10.897300243377686,30.9050395488739,3.1/22GB,1.6563
29,1.0,0.5555555820465088,1.0,0.05555555555555555,0.0,0.0024204030760301976,0.060509995246926934,0.5264087915420532,8e-05,3,0,35.43333333333333,48.516666666666666,2,16.379588842391968,1.3049113750457764,9.720376014709473,27.56916642189026,3.1/22GB,1.6567
30,0.988095223903656,0.5,0.9761904761904762,0.0,0.0,0.000918129561796377,0.022953007991115253,0.0818147137761116,8e-05,1,0,47.68333333333333,64.68333333333334,6,16.42434334754944,1.7516167163848877,9.526346683502197,27.872319221496582,3.1/22GB,1.6582
31,0.9523809552192688,0.2777777910232544,0.9047619047619048,0.2777777777777778,0.0,0.002679570719919866,0.06698902597030006,0.43738967180252075,8e-05,4,0,35.61666666666667,44.61666666666667,9,16.722888231277466,2.3195948600769043,10.438561201095581,29.65134334564209,3.1/22GB,1.6601
32,1.0,0.75,1.0,0.0,0.0,0.0030697169204358943,0.07674290024054549,0.024458423256874084,8e-05,1,0,33.36666666666667,47.81666666666667,5,16.500608205795288,1.7578108310699463,9.570496559143066,27.983344316482544,3.1/22GB,1.6611
33,0.988095223903656,-0.1111111119389534,0.9761904761904762,0.5555555555555556,0.0,0.004018065617856337,0.10045143992950517,0.1282416135072708,8e-05,2,0,29.133333333333333,36.983333333333334,6,16.500794887542725,1.4810302257537842,9.222383737564087,27.352067232131958,3.1/22GB,1.6623
34,0.976190447807312,0.3333333432674408,0.9523809523809523,0.3333333333333333,0.0,0.006788992928704829,0.16972448341548443,0.13449393212795258,8e-05,2,0,40.45,50.583333333333336,3,16.84678554534912,1.681203842163086,10.677913904190063,29.35882258415222,3.1/22GB,1.6629
35,1.0,0.9166666865348816,1.0,0.0,0.0,0.001428696678885899,0.03571740128099919,0.028687970712780952,8e-05,1,0,52.5,69.95,3,16.04225254058838,1.230684518814087,8.844557285308838,26.308372020721436,3.1/22GB,1.6636
36,0.9404761791229248,0.3333333432674408,0.8809523809523809,0.3333333333333333,0.0,0.0033281630758210667,0.08320345445536077,0.1590251475572586,8e-05,3,0,32.266666666666666,44.88333333333333,10,16.648754835128784,2.897275924682617,10.196522951126099,29.911085605621338,3.1/22GB,1.666
37,0.988095223903656,1.0,0.9761904761904762,0.0,0.0,0.006769496251763485,0.16923722790864607,0.48191916942596436,8e-05,1,0,48.666666666666664,62.55,7,16.524471044540405,1.5719571113586426,9.56072473526001,27.827906131744385,3.1/22GB,1.6678
38,0.9285714030265808,0.2222222238779068,0.9285714285714286,0.3888888888888889,0.023809523809523808,0.00647239755562623,0.1618098317335049,0.17659494280815125,8e-05,4,0,48.21666666666667,59.833333333333336,11,16.8138484954834,3.362440347671509,10.331416368484497,30.652931451797485,3.1/22GB,1.6703
39,0.9642857313156128,-0.1111111119389534,0.9285714285714286,0.5555555555555556,0.0,0.004794320553628495,0.11985815316438676,0.13804319500923157,8e-05,5,0,44.78333333333333,56.65,6,17.144450426101685,1.556014060974121,11.472850322723389,30.318034648895264,3.1/22GB,1.6714
